titulo;preco_old;preco_new;link
É fragrante fojado dôtor vossa excelência;R$ 64,90;R$ 58,41;https://leitura.com.br/e-fragrante-fojado-dotor-vossa-excelencia-L999-9786558021148?page=1&limit=96
E vós, quem dizeis que eu sou?;R$ 30,00;R$ 25,27;https://leitura.com.br/e-vos-quem-dizeis-que-eu-sou-L999-9786557139417?page=1&limit=96
Eu tenho um PEQUENO PROBLEMA disse o urso;R$ 69,00;R$ 51,75;https://leitura.com.br/eu-tenho-um-pequeno-problema-disse-o-urso-L999-9788516058272?page=1&limit=96
#atitude que te move;R$ 49,00;R$ 36,93;https://leitura.com.br/atitude-que-te-move-L999-9788557172852?page=1&limit=96
#crush;R$ 59,90;R$ 49,92;https://leitura.com.br/crush-L999-9786556092416?page=1&limit=96
#Cuidado Garotas Apaixonadas 2 - Nanda;R$ 65,00;R$ 53,95;https://leitura.com.br/cuidado-garotas-apaixonadas-2---nanda-L999-9786556121574?page=1&limit=96
#Cuidado  garotas apaixonadas 3 - Gute;R$ 65,00;R$ 53,95;https://leitura.com.br/cuidado-garotas-apaixonadas-3---gute-L999-9786556123264?page=1&limit=96
#Tenho orgulho de ser vendedor;R$ 79,00;R$ 65,57;https://leitura.com.br/tenho-orgulho-de-ser-vendedor-L999-9788582891933?page=1&limit=96
#umdiasemreclamar;R$ 49,90;R$ 37,83;https://leitura.com.br/umdiasemreclamar-L999-9786587885049?page=1&limit=96
#VQD - Vai que dá!;R$ 49,90;R$ 41,42;https://leitura.com.br/vqd---vai-que-da-L999-9788582850008?page=1&limit=96
(In)felicidade para corajosos;R$ 55,90;R$ 41,05;https://leitura.com.br/infelicidade-para-corajosos-L999-9786555355413?page=1&limit=96
(Quem contou?);R$ 69,90;R$ 58,02;https://leitura.com.br/quem-contou-L999-9788574066028?page=1&limit=96
... E o vento levou;R$ 44,90;R$ 37,27;https://leitura.com.br/-e-o-vento-levou-L999-9786555522075?page=1&limit=96
...E a lua sumiu;R$ 59,90;R$ 49,72;https://leitura.com.br/e-a-lua-sumiu-L999-9788574122656?page=1&limit=96
...mas é segredo...;R$ 49,80;R$ 41,33;https://leitura.com.br/mas-e-segredo-L999-9788575263891?page=1&limit=96
1 2 3 com Guido - Capa Almofadada;R$ 54,90;R$ 45,57;https://leitura.com.br/1-2-3-com-guido---capa-almofadada-L999-9786555960969?page=1&limit=96
1 a 10 musical;R$ 49,90;R$ 41,42;https://leitura.com.br/1-a-10-musical-L999-9786526104156?page=1&limit=96
1 ano em 12 semanas;R$ 70,00;R$ 58,33;https://leitura.com.br/1-ano-em-12-semanas-L999-9788550814018?page=1&limit=96
1 bilhão de motivos para você entender e aplicar os 3rs.;R$ 49,90;R$ 41,42;https://leitura.com.br/1-bilhao-de-motivos-para-voce-entender-e-aplicar-os-3rs-L999-9786550471149?page=1&limit=96
1 Coríntios - Comentários Expositivos Hagnos;R$ 76,90;R$ 63,83;https://leitura.com.br/1-corintios---comentarios-expositivos-hagnos-L999-9788577420230?page=1&limit=96
1 drible  2 dribles  3 dribles: manual do pequeno craque cidadão;R$ 69,90;R$ 58,02;https://leitura.com.br/1-drible-2-dribles-3-dribles-manual-do-pequeno-craque-cidadao-L999-9788574066363?page=1&limit=96
1 e 2 Tessalonicenses - Comentários Expositivos Hagnos;R$ 59,90;R$ 49,72;https://leitura.com.br/1-e-2-tessalonicenses---comentarios-expositivos-hagnos-L999-9788577420209?page=1&limit=96
1 página de cada vez;R$ 44,90;R$ 34,67;https://leitura.com.br/1-pagina-de-cada-vez-L999-9788565530699?page=1&limit=96
1 Pedro - Comentários Expositivos Hagnos;R$ 52,90;R$ 43,91;https://leitura.com.br/1-pedro---comentarios-expositivos-hagnos-L999-9788577421107?page=1&limit=96
1 Samuel - Comentários Expositivos Hagnos;R$ 109,90;R$ 91,22;https://leitura.com.br/1-samuel---comentarios-expositivos-hagnos-L999-9788577424214?page=1&limit=96
1 segundo , 1 minutos 1 , Seculo;R$ 80,00;R$ 66,40;https://leitura.com.br/1-segundo-1-minuto-1-seculo-L999-9786580623259?page=1&limit=96
1 Timóteo - Comentários Expositivos Hagnos;R$ 46,90;R$ 38,93;https://leitura.com.br/1-timoteo---comentarios-expositivos-hagnos-L999-9788577421299?page=1&limit=96
1+1 A matemática do amor;R$ 59,90;R$ 49,72;https://leitura.com.br/11-a-matematica-do-amor-L999-9788562409691?page=1&limit=96
12 3 João - Comentários Expositivos Hagnos;R$ 69,90;R$ 58,02;https://leitura.com.br/1-2-3-joao---comentarios-expositivos-hagnos-L999-9788577420735?page=1&limit=96
123;R$ 80,00;R$ 66,40;https://leitura.com.br/1-2-3-conta-outra-vez-L999-9786580623174?page=1&limit=96
123;R$ 35,00;R$ 29,05;https://leitura.com.br/1-2-3-lili-L999-9788506086247?page=1&limit=96
123;R$ 39,00;R$ 32,37;https://leitura.com.br/1-2-3-lili-L999-9786555390162?page=1&limit=96
1.000 curiosidades olímpicas que todo recordista deveria saber;R$ 39,90;R$ 33,12;https://leitura.com.br/1000-curiosidades-olimpicas-que-todo-recordista-deveria-saber-L999-9788576839651?page=1&limit=96
1.º andar - A;R$ 49,90;R$ 41,42;https://leitura.com.br/1-andar---a-L999-9786589573609?page=1&limit=96
10 anos com Mafalda;R$ 79,90;R$ 66,32;https://leitura.com.br/10-anos-com-mafalda-L999-9788578270575?page=1&limit=96
10 coisas para fazer antes dos 40 vol. 01;R$ 40,90;R$ 34,08;https://leitura.com.br/10-coisas-para-fazer-antes-dos-40-vol-01-L999-9786525920962?page=1&limit=96
10 contos maravilhosos dos irmãos grimm - livrão;R$ 69,90;R$ 58,02;https://leitura.com.br/10-contos-maravilhosos-dos-irmaos-grimm---livrao-L999-9788520945841?page=1&limit=96
10 dimensões da gestão da inovação;R$ 19,80;R$ 16,50;https://leitura.com.br/10-dimensoes-da-gestao-da-inovacao-L999-9788550803500?page=1&limit=96
10 exploradores que mudaram o mundo;R$ 75,00;R$ 54,55;https://leitura.com.br/10-exploradores-que-mudaram-o-mundo-L999-9788532274465?page=1&limit=96
10 habilidades essenciais que farão você chegar lá;R$ 59,90;R$ 53,91;https://leitura.com.br/10-habilidades-essenciais-que-farao-voce-chegar-la-L999-9786558371762?page=1&limit=96
10 histórias para tentar entender um mundo caótico;R$ 49,90;R$ 24,95;https://leitura.com.br/10-historias-para-tentar-entender-um-mundo-caotico-L999-9786555640380?page=1&limit=96
10 Ideias para combater o preconceito;R$ 54,90;R$ 45,57;https://leitura.com.br/10-ideias-para-combater-o-preconceito-L999-9786555305609?page=1&limit=96
10 Ideias para salvar o planeta;R$ 54,90;R$ 45,57;https://leitura.com.br/10-ideias-para-salvar-o-planeta-L999-9786555305616?page=1&limit=96
10 lições sobre Adorno;R$ 25,00;R$ 20,75;https://leitura.com.br/10-licoes-sobre-adorno-L999-9788532651365?page=1&limit=96
10 lições sobre Beauvoir;R$ 24,50;R$ 20,33;https://leitura.com.br/10-licoes-sobre-beauvoir-L999-9786557139028?page=1&limit=96
10 lições sobre Bobbio;R$ 24,50;R$ 20,33;https://leitura.com.br/10-licoes-sobre-bobbio-L999-9788532652195?page=1&limit=96
10 lições sobre bodin;R$ 24,50;R$ 20,33;https://leitura.com.br/10-licoes-sobre-bodin-L999-9788532640796?page=1&limit=96
10 lições sobre Bourdieu;R$ 25,00;R$ 20,75;https://leitura.com.br/10-licoes-sobre-bourdieu-L999-9788532659484?page=1&limit=96
10 lições sobre Carl Schmitt;R$ 25,00;R$ 20,75;https://leitura.com.br/10-licoes-sobre-carl-schmitt-L999-9788532647016?page=1&limit=96
10 lições sobre Foucalt;R$ 25,00;R$ 20,75;https://leitura.com.br/10-licoes-sobre-foucalt-L999-9788532643346?page=1&limit=96
10 lições sobre Gadamer;R$ 25,00;R$ 20,75;https://leitura.com.br/10-licoes-sobre-gadamer-L999-9788532653406?page=1&limit=96
10 lições sobre goffman;R$ 25,00;R$ 20,75;https://leitura.com.br/10-licoes-sobre-goffman-L999-9786557132388?page=1&limit=96
10 lições sobre Gramsci;R$ 25,00;R$ 20,75;https://leitura.com.br/10-licoes-sobre-gramsci-L999-9786557138946?page=1&limit=96
10 lições sobre hannah arendt;R$ 25,00;R$ 20,75;https://leitura.com.br/10-licoes-sobre-hannah-arendt-L999-9788532643865?page=1&limit=96
10 lições sobre Hegel;R$ 25,00;R$ 22,50;https://leitura.com.br/10-licoes-sobre-hegel-L999-9788532666437?page=1&limit=96
10 lições sobre heidegger;R$ 25,00;R$ 20,75;https://leitura.com.br/10-licoes-sobre-heidegger-L999-9788532649348?page=1&limit=96
10 lições sobre hobbes;R$ 24,50;R$ 20,33;https://leitura.com.br/10-licoes-sobre-hobbes-L999-9788532648259?page=1&limit=96
10 lições sobre horkheimer;R$ 24,50;R$ 20,33;https://leitura.com.br/10-licoes-sobre-horkheimer-L999-9788532653819?page=1&limit=96
10 lições sobre hume;R$ 25,00;R$ 20,75;https://leitura.com.br/10-licoes-sobre-hume-L999-9788532644015?page=1&limit=96
10 lições sobre Kant;R$ 25,00;R$ 20,75;https://leitura.com.br/10-licoes-sobre-kant-L999-9788532634214?page=1&limit=96
10 lições sobre kierkegaard;R$ 25,00;R$ 20,75;https://leitura.com.br/10-licoes-sobre-kierkegaard-L999-9786557130094?page=1&limit=96
10 lições sobre leibniz;R$ 25,00;R$ 20,75;https://leitura.com.br/10-licoes-sobre-leibniz-L999-9788532651372?page=1&limit=96
10 lições sobre Luhmann;R$ 25,00;R$ 20,75;https://leitura.com.br/10-licoes-sobre-luhmann-L999-9788532652300?page=1&limit=96
10 lições sobre maquiavel;R$ 25,00;R$ 20,75;https://leitura.com.br/10-licoes-sobre-maquiavel-L999-9788532639738?page=1&limit=96
10 lições sobre Marx;R$ 25,00;R$ 20,75;https://leitura.com.br/10-licoes-sobre-marx-L999-9788532638984?page=1&limit=96
10 lições sobre Max Weber;R$ 25,00;R$ 20,75;https://leitura.com.br/10-licoes-sobre-max-weber-L999-9788532651563?page=1&limit=96
10 lições sobre merleau-ponty;R$ 25,00;R$ 20,75;https://leitura.com.br/10-licoes-sobre-merleau-ponty-L999-9788532659569?page=1&limit=96
10 lições sobre Nietzsche;R$ 25,00;R$ 20,75;https://leitura.com.br/10-licoes-sobre-nietzsche-L999-9788532654199?page=1&limit=96
10 lições sobre norbert elias;R$ 25,00;R$ 20,75;https://leitura.com.br/10-licoes-sobre-norbert-elias-L999-9786557135525?page=1&limit=96
10 lições sobre pascal;R$ 24,50;R$ 20,33;https://leitura.com.br/10-licoes-sobre-pascal-L999-9788532654403?page=1&limit=96
10 lições sobre Paulo Freire;R$ 24,50;R$ 20,33;https://leitura.com.br/10-licoes-sobre-paulo-freire-L999-9786557138052?page=1&limit=96
10 lições sobre rawls;R$ 25,00;R$ 20,75;https://leitura.com.br/10-licoes-sobre-rawls-L999-9788532660213?page=1&limit=96
10 lições sobre rousseau;R$ 25,00;R$ 20,75;https://leitura.com.br/10-licoes-sobre-rousseau-L999-9788532643490?page=1&limit=96
10 lições sobre santo agostinho;R$ 25,00;R$ 20,75;https://leitura.com.br/10-licoes-sobre-santo-agostinho-L999-9788532643223?page=1&limit=96
10 lições sobre scheler;R$ 25,00;R$ 20,75;https://leitura.com.br/10-licoes-sobre-scheler-L999-9788532664655?page=1&limit=96
10 lições sobre schopenhauer;R$ 25,00;R$ 20,75;https://leitura.com.br/10-licoes-sobre-schopenhauer-L999-9788532640895?page=1&limit=96
10 lições sobre Sloterdijk;R$ 25,00;R$ 20,83;https://leitura.com.br/10-licoes-sobre-sloterdijk-L999-9788532656476?page=1&limit=96
10 lições sobre Sócrates;R$ 25,00;R$ 20,75;https://leitura.com.br/10-licoes-sobre-socrates-L999-9788532661098?page=1&limit=96
10 lições sobre Walter Benjamin;R$ 25,00;R$ 20,75;https://leitura.com.br/10-licoes-sobre-walter-benjamin-L999-9788532650481?page=1&limit=96
10 lições sobre wittgenstein;R$ 25,00;R$ 20,75;https://leitura.com.br/10-licoes-sobre-wittgenstein-L999-9788532654007?page=1&limit=96
10 minutos e 38 segundos neste mundo estranho;R$ 49,90;R$ 41,58;https://leitura.com.br/10-minutos-e-38-segundos-neste-mundo-estranho-L999-9786555111484?page=1&limit=96
10 passos para uma vida de realização;R$ 54,90;R$ 45,75;https://leitura.com.br/10-passos-para-uma-vida-de-realizacao-L999-9786557121344?page=1&limit=96
10 Passos para você se tornar seu mestre;R$ 42,50;R$ 35,42;https://leitura.com.br/10-passos-para-voce-se-tornar-seu-mestre-L999-9788571830042?page=1&limit=96
10 peças de Shakespeare;R$ 49,80;R$ 41,33;https://leitura.com.br/10-pecas-de-shakespeare-L999-9788565383028?page=1&limit=96
10 razões para te amar;R$ 34,90;R$ 28,97;https://leitura.com.br/10-razoes-para-te-amar-L999-9788550700854?page=1&limit=96
10 reis e rainhas que mudaram o mundo;R$ 75,00;R$ 54,55;https://leitura.com.br/10-reis-e-rainhas-que-mudaram-o-mundo-L999-9788532274861?page=1&limit=96
10 respostas que vão mudar sua vida;R$ 29,90;R$ 24,82;https://leitura.com.br/10-respostas-que-vao-mudar-sua-vida-L999-9788522030910?page=1&limit=96
10 trends para seduzir seu melhor amigo;R$ 69,90;R$ 58,02;https://leitura.com.br/10-trends-para-seduzir-seu-melhor-amigo-L999-9786556093789?page=1&limit=96
10 vezes te amo mamae mamãe;R$ 36,90;R$ 30,63;https://leitura.com.br/10-vezes-te-amo-mamae-L999-9788550700830?page=1&limit=96
10 vezes te amo papai papai;R$ 36,90;R$ 28,97;https://leitura.com.br/10-vezes-te-amo-papai-L999-9788550700069?page=1&limit=96
101 coisas para fazer antes de casar engravidar ou envelhecer engravidar ou envelhecer;R$ 74,62;https://leitura.com.br/10-empreendedor-L999-9788595980174?page=1&limit=96;
14 Motivos Para Viver vencer e ser feliz Vencer E Ser Feliz;R$ 49,72;https://leitura.com.br/10-humano-L999-9788543103440?page=1&limit=96;
1789 : A história de Tiradentes contrabandistas assassinos e poetas que sonharam a Independência do Brasil.;R$ 49,92;https://leitura.com.br/10-mais-feliz-L999-9788543102351?page=1&limit=96;
3 Palavrinhas - Ler colorir e brincar;R$ 47,42;https://leitura.com.br/100-argumentos-biblicos-contra-o-sola-scriptura-L999-9786589125235?page=1&limit=96;
365 Caça-Palavras - Países capitais e cidades;R$ 44,92;https://leitura.com.br/100-bencaos-para-dias-imperfeitos--devocional-para-todos-os-momentos-da-vida-L999-9786559574285?page=1&limit=96;
365 cruzadas diretas - fácil médio e difícil I;R$ 33,12;https://leitura.com.br/100-cientistas-que-mudaram-o-mundo-L999-9788537004456?page=1&limit=96;
100 coisas para fazer a dois;R$ 28,97;https://leitura.com.br/100-coisas-para-fazer-a-dois-L999-9788576834915?page=2&limit=96;
100 Coisas que eu Amo em Você;R$ 33,12;https://leitura.com.br/100-coisas-que-eu-amo-em-voce-L999-9786586070446?page=2&limit=96;
100 coisas que líderes de sucesso fazem;R$ 52,21;https://leitura.com.br/100-coisas-que-lideres-de-sucesso-fazem-L999-9786555662573?page=2&limit=96;
100 coisas que milionários fazem;R$ 52,21;https://leitura.com.br/100-coisas-que-milionarios-fazem-L999-9786555661040?page=2&limit=96;
100 coisas que pessoas de sucesso fazem;R$ 52,21;https://leitura.com.br/100-coisas-que-pessoas-de-sucesso-fazem-L999-9786555661323?page=2&limit=96;
100 coisas que pessoas produtivas fazem;R$ 49,72;https://leitura.com.br/100-coisas-que-pessoas-produtivas-fazem-L999-9786555663327?page=2&limit=96;
100 crônicas escolhidas;R$ 54,08;https://leitura.com.br/100-cronicas-escolhidas-L999-9788503013901?page=2&limit=96;
100 crônicas escolhidas;R$ 53,95;https://leitura.com.br/100-cronicas-escolhidas-L999-9786556123448?page=2&limit=96;
100 filmes: da literatura para o cinema;R$ 108,25;https://leitura.com.br/100-filmes-da-literatura-para-o-cinema-L999-9788576846697?page=2&limit=96;
100 formas de dizer eu te amo;R$ 28,97;https://leitura.com.br/100-formas-de-dizer-eu-te-amo-L999-9788550700847?page=2&limit=96;
100 grandes líderes;R$ 41,42;https://leitura.com.br/100-grandes-lideres-L999-9788537006238?page=2&limit=96;
100 graus - o ponto de ebulição do sucesso;R$ 45,57;https://leitura.com.br/100-graus---o-ponto-de-ebulicao-do-sucesso-L999-9788545200901?page=2&limit=96;
100 ideias para ensinar filosofia e ética;R$ 37,35;https://leitura.com.br/100-ideias-para-ensinar-filosofia-e-etica-L999-9788532652744?page=2&limit=96;
100 indicadores da gestão;R$ 59,27;https://leitura.com.br/100-indicadores-da-gestao-L999-9789896940331?page=2&limit=96;
100 Jogos para grupos;R$ 60,01;https://leitura.com.br/100-jogos-para-grupos-L999-9788571835108?page=2&limit=96;
100 maneiras de simplificar sua vida;R$ 29,85;https://leitura.com.br/100-maneiras-de-simplificar-sua-vida-L999-9788561721619?page=2&limit=96;
100 minutos para entender a neurociência;R$ 24,82;https://leitura.com.br/100-minutos-para-entender-a-neurociencia-L999-9786555665192?page=2&limit=96;
100 minutos para entender a Psicanálise;R$ 24,82;https://leitura.com.br/100-minutos-para-entender-a-psicanalise-L999-9786555665086?page=2&limit=96;
100 minutos para entender a Psicologia;R$ 24,82;https://leitura.com.br/100-minutos-para-entender-a-psicologia-L999-9786555665147?page=2&limit=96;
100 passos até uma pegada;R$ 34,86;https://leitura.com.br/100-passos-ate-uma-pegada-L999-9788584190973?page=2&limit=96;
100 pedaços de mim;R$ 49,72;https://leitura.com.br/100-pedacos-de-mim-L999-9786555651836?page=2&limit=96;
100 perguntas sobre o Ho''''oponopono;R$ 53,91;https://leitura.com.br/100-perguntas-sobre-o-hooponopono-L999-9788542226263?page=2&limit=96;
100 receitas com lata;R$ 22,33;https://leitura.com.br/100-receitas-com-lata-L999-9788525418128?page=2&limit=96;
100 receitas de carnes;R$ 23,16;https://leitura.com.br/100-receitas-de-carnes-L999-9788525413918?page=2&limit=96;
100 receitas de sobremesas;R$ 27,31;https://leitura.com.br/100-receitas-de-sobremesas-L999-9788525410313?page=2&limit=96;
100 receitas para festinhas;R$ 51,46;https://leitura.com.br/100-receitas-para-festinhas-L999-9788578813161?page=2&limit=96;
1000 Atividades;R$ 19,95;https://leitura.com.br/1000-atividades-L999-9788537636664?page=2&limit=96;
1001 dicas de português;R$ 54,55;https://leitura.com.br/1001-dicas-de-portugues-L999-9788572449083?page=2&limit=96;
1001 Fantasmas (Nova edição);R$ 41,42;https://leitura.com.br/1001-fantasmas-nova-edicao-L999-9788555341960?page=2&limit=96;
1001 palavras em inglês e português;R$ 58,02;https://leitura.com.br/1001-palavras-em-ingles-e-portugues-L999-9786555304572?page=2&limit=96;
1001 perguntas e respostas;R$ 16,52;https://leitura.com.br/1001-perguntas-e-respostas-L999-9786587466200?page=2&limit=96;
1001 perguntas e respostas - Futebol;R$ 16,52;https://leitura.com.br/1001-perguntas-e-respostas---futebol-L999-9786587466187?page=2&limit=96;
1001 problemas de estatística para leigos;R$ 105,83;https://leitura.com.br/1001-problemas-de-estatistica-para-leigos-L999-9788550800110?page=2&limit=96;
1001 problemas de matemática básica e pré-álgebra para leigos;R$ 92,50;https://leitura.com.br/1001-problemas-de-matematica-basica-e-pre-algebra-para-leigos-L999-9788550800011?page=2&limit=96;
1001 Questões Comentadas - EsA;R$ 78,99;https://leitura.com.br/1001-questoes-comentadas---esa-L999-9786559180998?page=2&limit=96;
1001 Questões para Fazer Antes de Passar no ENEM;R$ 78,99;https://leitura.com.br/1001-questoes-para-fazer-antes-de-passar-no-enem-L999-9788584291328?page=2&limit=96;
1002 Fantasmas;R$ 37,27;https://leitura.com.br/1002-fantasmas-L999-9788555341939?page=2&limit=96;
101 alimentos para o seu filho comer antes de crescer;R$ 41,42;https://leitura.com.br/101-alimentos-para-o-seu-filho-comer-antes-de-crescer-L999-9788582469224?page=2&limit=96;
101 atrações de TV que sintonizaram o Brasil;R$ 24,95;https://leitura.com.br/101-atracoes-de-tv-que-sintonizaram-o-brasil-L999-9788556080219?page=2&limit=96;
101 brasileiros que fizeram história;R$ 29,95;https://leitura.com.br/101-brasileiros-que-fizeram-historia-L999-9788556080103?page=2&limit=96;
101 coisas para fazer antes da dieta;R$ 49,92;https://leitura.com.br/101-coisas-para-fazer-antes-da-dieta-L999-9788576844075?page=2&limit=96;
101 coisas para fazer antes de casar engravidar ou envelhecer engravidar ou envelhecer;R$ 54,90;R$ 45,75;https://leitura.com.br/101-coisas-para-fazer-antes-de-casar-engravidar-ou-envelhecer-L999-9788576844587?page=2&limit=96
14 Motivos Para Viver vencer e ser feliz Vencer E Ser Feliz;R$ 41,42;https://leitura.com.br/101-coisas-que-nao-me-contaram-antes-do-casamento-L999-9788576840497?page=2&limit=96;
1789 : A história de Tiradentes contrabandistas assassinos e poetas que sonharam a Independência do Brasil.;R$ 14,03;https://leitura.com.br/101-coisas-que-o-diabo-nao-pode-fazer-L999-9788573744187?page=2&limit=96;
3 Palavrinhas - Ler colorir e brincar;R$ 14,03;https://leitura.com.br/101-conselhos-para-militares-L999-9786553500518?page=2&limit=96;
365 Caça-Palavras - Países capitais e cidades;R$ 10,71;https://leitura.com.br/101-curiosidades---animais-L999-9786555007435?page=2&limit=96;
365 cruzadas diretas - fácil médio e difícil I;R$ 10,71;https://leitura.com.br/101-curiosidades---brasil-L999-9786555007688?page=2&limit=96;
101 curiosidades - Corpo humano;R$ 10,71;https://leitura.com.br/101-curiosidades---corpo-humano-L999-9786555007428?page=2&limit=96;
101 curiosidades - Dinossauros;R$ 10,71;https://leitura.com.br/101-curiosidades---dinossauros-L999-9786555007466?page=2&limit=96;
101 curiosidades - História;R$ 10,71;https://leitura.com.br/101-curiosidades---historia-L999-9786555007459?page=2&limit=96;
101 curiosidades - Internet;R$ 10,71;https://leitura.com.br/101-curiosidades---internet-L999-9786555007732?page=2&limit=96;
101 curiosidades - Música;R$ 10,71;https://leitura.com.br/101-curiosidades---musica-L999-9786555007725?page=2&limit=96;
101 ideias criativas para família;R$ 32,29;https://leitura.com.br/101-ideias-criativas-para-familia-L999-9788588234116?page=2&limit=96;
101 ideias criativas para grupos pequenos;R$ 26,48;https://leitura.com.br/101-ideias-criativas-para-grupos-pequenos-L999-9788589320313?page=2&limit=96;
101 ideias criativas para mulheres;R$ 29,80;https://leitura.com.br/101-ideias-criativas-para-mulheres-L999-9788588234086?page=2&limit=96;
101 ideias criativas para o culto doméstico;R$ 29,80;https://leitura.com.br/101-ideias-criativas-para-o-culto-domestico-L999-9788589320160?page=2&limit=96;
101 ideias criativas para professores;R$ 35,61;https://leitura.com.br/101-ideias-criativas-para-professores-L999-9788588234529?page=2&limit=96;
101 ideias de como paparicar seu marido e fortalecer seu lar;R$ 27,31;https://leitura.com.br/101-ideias-de-como-paparicar-seu-marido-e-fortalecer-seu-lar-L999-9786586109054?page=2&limit=96;
101 ideias de como paparicar sua esposa e fortalecer seu lar;R$ 27,31;https://leitura.com.br/101-ideias-de-como-paparicar-sua-esposa-e-fortalecer-seu-lar-L999-9786586109078?page=2&limit=96;
101 jogos para motricidade limitada e espaços reduzidos;R$ 49,80;https://leitura.com.br/101-jogos-para-motricidade-limitada-e-espacos-reduzidos-L999-9788532653147?page=2&limit=96;
101 lições a serem aprendidas na escola de artes;R$ 53,87;https://leitura.com.br/101-licoes-a-serem-aprendidas-na-escola-de-artes-L999-9788578277222?page=2&limit=96;
101 lugares para fazer amor antes de morrer;R$ 24,92;https://leitura.com.br/101-lugares-para-fazer-amor-antes-de-morrer-L999-9788576846154?page=2&limit=96;
101 lugares para fazer sexo antes de morrer;R$ 41,42;https://leitura.com.br/101-lugares-para-fazer-sexo-antes-de-morrer-L999-9788576843061?page=2&limit=96;
101 mulheres que mudaram o mundo;R$ 28,97;https://leitura.com.br/101-mulheres-que-mudaram-o-mundo-L999-9788538094975?page=2&limit=96;
101 perguntas e respostas;R$ 24,82;https://leitura.com.br/101-perguntas-e-respostas-L999-9788538026303?page=2&limit=96;
101 primeiros desenhos;R$ 12,37;https://leitura.com.br/101-primeiros-desenhos-L999-9786555003864?page=2&limit=96;
101 primeiros desenhos - Barbie;R$ 11,18;https://leitura.com.br/101-primeiros-desenhos---barbie-L999-9788538098539?page=2&limit=96;
101 primeiros desenhos - Dinossauros;R$ 12,37;https://leitura.com.br/101-primeiros-desenhos---dinossauros-L999-9786555006698?page=2&limit=96;
101 primeiros desenhos - Esportes e atividades físicas;R$ 12,37;https://leitura.com.br/101-primeiros-desenhos---esportes-e-atividades-fisicas-L999-9788538094968?page=2&limit=96;
101 primeiros desenhos - Fisher-price;R$ 12,37;https://leitura.com.br/101-primeiros-desenhos---fisher-price-L999-9786555004427?page=2&limit=96;
101 primeiros desenhos - Galinha Pintadinha;R$ 12,37;https://leitura.com.br/101-primeiros-desenhos---galinha-pintadinha-L999-9788538095200?page=2&limit=96;
101 primeiros desenhos - Ovelha Rosa e seus amigos;R$ 12,37;https://leitura.com.br/101-primeiros-desenhos---ovelha-rosa-e-seus-amigos-L999-9788538094944?page=2&limit=96;
101 primeiros desenhos - Patrulha Canina;R$ 12,37;https://leitura.com.br/101-primeiros-desenhos---patrulha-canina-L999-9786555006711?page=2&limit=96;
101 primeiros desenhos - Turma da Mônica;R$ 12,37;https://leitura.com.br/101-primeiros-desenhos---turma-da-monica-L999-9786555006674?page=2&limit=96;
101 primeiros desenhos - Unicórnios;R$ 12,37;https://leitura.com.br/101-primeiros-desenhos---unicornios-L999-9788538094746?page=2&limit=96;
101 primeiros desenhos da Bíblia;R$ 12,37;https://leitura.com.br/101-primeiros-desenhos-da-biblia-L999-9786555006650?page=2&limit=96;
101 reflexões que vão mudar sua forma de pensar;R$ 58,02;https://leitura.com.br/101-reflexoes-que-vao-mudar-sua-forma-de-pensar-L999-9786555605273?page=2&limit=96;
108 contos e parábolas orientais;R$ 46,40;https://leitura.com.br/108-contos-e-parabolas-orientais-L999-9788542216356?page=2&limit=96;
108 histórias para entender a atenção plena;R$ 41,42;https://leitura.com.br/108-historias-para-entender-a-atencao-plena-L999-9786555642896?page=2&limit=96;
10X;R$ 58,50;https://leitura.com.br/10x-L999-9788550807287?page=2&limit=96;
11 gols de placa;R$ 41,42;https://leitura.com.br/11-gols-de-placa-L999-9788501087621?page=2&limit=96;
111 ais;R$ 20,67;https://leitura.com.br/111-ais-L999-9788525410283?page=2&limit=96;
111 poemas para crianças;R$ 45,75;https://leitura.com.br/111-poemas-para-criancas-L999-9788525412898?page=2&limit=96;
1177 A.C. - O ano em que a civilização entrou em colapso;R$ 49,72;https://leitura.com.br/1177-ac---o-ano-em-que-a-civilizacao-entrou-em-colapso-L999-9786559573561?page=2&limit=96;
12 atitudes para viver feliz e em equilíbrio com o seu peso;R$ 53,87;https://leitura.com.br/12-atitudes-para-viver-feliz-e-em-equilibrio-com-o-seu-peso-L999-9786586551594?page=2&limit=96;
12 Brincadeiras Indígenas e Africanas;R$ 43,50;https://leitura.com.br/12-brincadeiras-indigenas-e-africanas-L999-9786555394788?page=2&limit=96;
12 dias para atualizar sua vida;R$ 37,02;https://leitura.com.br/12-dias-para-atualizar-sua-vida-L999-9788538303527?page=2&limit=96;
12 heróis;R$ 58,25;https://leitura.com.br/12-herois-L999-9788501088949?page=2&limit=96;
12 horas de sono com 12 semanas de vida;R$ 49,72;https://leitura.com.br/12-horas-de-sono-com-12-semanas-de-vida-L999-9788537808627?page=2&limit=96;
12 horas de terror;R$ 53,95;https://leitura.com.br/12-horas-de-terror-L999-9788526010444?page=2&limit=96;
12 horas para dizer eu te amo;R$ 58,02;https://leitura.com.br/12-horas-para-dizer-eu-te-amo-L999-9786556093802?page=2&limit=96;
12 ingredientes e uma dose;R$ 90,47;https://leitura.com.br/12-ingredientes-e-uma-dose-L999-9788578816230?page=2&limit=96;
12 Lições da História;R$ 33,12;https://leitura.com.br/12-licoes-da-historia-L999-9788595810181?page=2&limit=96;
12 PRINCÍPIOS PARA UMA VIDA EXTRAORDINÁRIA;R$ 53,87;https://leitura.com.br/12-principios-para-uma-vida-extraordinaria-L999-9788545203650?page=2&limit=96;
12 princípios poderosos para o sucesso;R$ 34,95;https://leitura.com.br/12-principios-poderosos-para-o-sucesso-L999-9786550472719?page=2&limit=96;
12 regras para a vida;R$ 52,10;https://leitura.com.br/12-regras-para-a-vida-L999-9788550802756?page=2&limit=96;
12 semanas para afiar sua mente;R$ 41,42;https://leitura.com.br/12-semanas-para-afiar-sua-mente-L999-9786555646351?page=3&limit=96;
12 semanas para mudar uma vida - edição com exercícios;R$ 56,36;https://leitura.com.br/12-semanas-para-mudar-uma-vida---edicao-com-exercicios-L999-9788542220759?page=3&limit=96;
12 virtudes da mulher;R$ 15,88;https://leitura.com.br/12-virtudes-da-mulher-L999-9786555624946?page=3&limit=96;
13 dos melhores contos de amor da literatura brasileira;R$ 43,67;https://leitura.com.br/13-dos-melhores-contos-de-amor-da-literatura-brasileira-L999-9788520934876?page=3&limit=96;
13 histórias de medo;R$ 42,74;https://leitura.com.br/13-historias-de-medo-L999-9788578000332?page=3&limit=96;
13 palavras;R$ 45,57;https://leitura.com.br/13-palavras-L999-9788574065816?page=3&limit=96;
13 segundos;R$ 49,72;https://leitura.com.br/13-segundos-L999-9788501114990?page=3&limit=96;
14;R$ 51,46;https://leitura.com.br/14-L999-9788573265743?page=3&limit=96;
14 Motivos Para Viver vencer e ser feliz Vencer E Ser Feliz;R$ 29,90;R$ 24,82;https://leitura.com.br/14-motivos-para-viver-vencer-e-ser-feliz-L999-9788542802269?page=3&limit=96
14-14 Cartas misteriosas;R$ 54,90;R$ 45,57;https://leitura.com.br/14-14-cartas-misteriosas-L999-9788551304570?page=3&limit=96
1421 - O ano em que a China descobriu o mundo;R$ 129,90;R$ 107,82;https://leitura.com.br/1421---o-ano-em-que-a-china-descobriu-o-mundo-L999-9788528610093?page=3&limit=96
1434: o ano em que uma magnífica frota chinesa velejou para a Itália e deu início ao renascimento;R$ 84,90;R$ 70,75;https://leitura.com.br/1434-o-ano-em-que-uma-magnifica-frota-chinesa-velejou-para-a-italia-e-deu-inicio-ao-renascimento-L999-9788528614466?page=3&limit=96
1440 Minutos;R$ 79,00;R$ 65,83;https://leitura.com.br/1440-minutos-L999-9786556950112?page=3&limit=96
1499 : O Brasil antes de Cabral;R$ 49,90;R$ 41,42;https://leitura.com.br/1499--o-brasil-antes-de-cabral-L999-9788595080324?page=3&limit=96
15 contos escolhidos por Katherine Mansfield;R$ 64,90;R$ 54,08;https://leitura.com.br/15-contos-escolhidos-por-katherine-mansfield-L999-9788501108197?page=3&limit=96
15 Lições para criação de filhos;R$ 42,90;R$ 35,61;https://leitura.com.br/15-licoes-para-criacao-de-filhos-L999-9788524305566?page=3&limit=96
15 Lições para fortalecer sua família;R$ 42,90;R$ 35,61;https://leitura.com.br/15-licoes-para-fortalecer-sua-familia-L999-9788524305573?page=3&limit=96
15 lições para transformar seu casamento;R$ 42,90;R$ 35,61;https://leitura.com.br/15-licoes-para-transformar-seu-casamento-L999-9788524305559?page=3&limit=96
150 Crônicas escolhidas;R$ 75,00;R$ 62,25;https://leitura.com.br/150-cronicas-escolhidas-L999-9786556123783?page=3&limit=96
150 jogos para a estimulação infantil;R$ 89,90;R$ 74,62;https://leitura.com.br/150-jogos-para-a-estimulacao-infantil-L999-9788538000471?page=3&limit=96
1500 adesivos com mensagens bíblicas;R$ 29,90;R$ 24,82;https://leitura.com.br/1500-adesivos-com-mensagens-biblicas-L999-9788538083153?page=3&limit=96
1500 adesivos para professores - A ovelha rosa e seus amigos;R$ 24,90;R$ 20,67;https://leitura.com.br/1500-adesivos-para-professores---a-ovelha-rosa-e-seus-amigos-L999-9788538090731?page=3&limit=96
1500 adesivos para professores - Educação infantil;R$ 29,90;R$ 24,82;https://leitura.com.br/1500-adesivos-para-professores---educacao-infantil-L999-9786526104583?page=3&limit=96
1500 adesivos para professores - Incentive seus alunos a aprender!;R$ 29,90;R$ 24,82;https://leitura.com.br/1500-adesivos-para-professores---incentive-seus-alunos-a-aprender-L999-9788538082163?page=3&limit=96
1500 adesivos para professores - Turma da Mônica;R$ 29,90;R$ 24,82;https://leitura.com.br/1500-adesivos-para-professores---turma-da-monica-L999-9788538090694?page=3&limit=96
151 dicas essenciais para lidar com pessoas difíceis (edição de bolso);R$ 44,90;R$ 37,27;https://leitura.com.br/151-dicas-essenciais-para-lidar-com-pessoas-dificeis-edicao-de-bolso-L999-9788581030883?page=3&limit=96
151 dicas essenciais para reconhecer e recompensar colaboradores (edição de bolso);R$ 39,90;R$ 33,25;https://leitura.com.br/151-dicas-essenciais-para-reconhecer-e-recompensar-colaboradores-edicao-de-bolso-L999-9788581030876?page=3&limit=96
151 Reflexões sobre a educação de filhos;R$ 38,90;R$ 32,29;https://leitura.com.br/151-reflexoes-sobre-a-educacao-de-filhos-L999-9788524305788?page=3&limit=96
1565 : Enquanto o Brasil nascia;R$ 49,90;R$ 41,42;https://leitura.com.br/1565--enquanto-o-brasil-nascia-L999-9788595082069?page=3&limit=96
1599;R$ 89,90;R$ 74,92;https://leitura.com.br/1599-L999-9788542226683?page=3&limit=96
160 receitas de molhos;R$ 31,90;R$ 26,48;https://leitura.com.br/160-receitas-de-molhos-L999-9788525409935?page=3&limit=96
1618;R$ 79,90;R$ 59,97;https://leitura.com.br/1618-L999-9786555982350?page=3&limit=96
17 princípios do trabalho em equipe;R$ 39,90;R$ 33,25;https://leitura.com.br/17-principios-do-trabalho-em-equipe-L999-9788566997385?page=3&limit=96
1789 - O romance da Revolução Francesa;R$ 74,90;R$ 62,17;https://leitura.com.br/1789---o-romance-da-revolucao-francesa-L999-9788554126810?page=3&limit=96
1789 : A história de Tiradentes contrabandistas assassinos e poetas que sonharam a Independência do Brasil.;R$ 49,90;R$ 41,42;https://leitura.com.br/1789--a-historia-de-tiradentes-contrabandistas-assassinos-e-poetas-que-sonharam-a-independencia-do-brasil-L999-9788595082267?page=3&limit=96
1789-1799 a Revolução Francesa;R$ 77,40;R$ 64,24;https://leitura.com.br/1789-1799-a-revolucao-francesa-L999-9788527307970?page=3&limit=96
1789: O surgimento da Revolução Francesa;R$ 64,90;R$ 48,68;https://leitura.com.br/1789-o-surgimento-da-revolucao-francesa-L999-9788577534067?page=3&limit=96
18 dias;R$ 69,90;R$ 58,02;https://leitura.com.br/18-dias-L999-9788539005819?page=3&limit=96
18 Festival De Arte Contemporânea;R$ 30,00;R$ 24,90;https://leitura.com.br/18-festival-de-arte-contemporanea-L999-9000006908783?page=3&limit=96
18 princípios para você evoluir;R$ 59,90;R$ 44,92;https://leitura.com.br/18-principios-para-voce-evoluir-L999-9786550472672?page=3&limit=96
18.04 - O caminho;R$ 44,90;R$ 37,27;https://leitura.com.br/1804---o-caminho-L999-9788555270215?page=3&limit=96
180 Graus;R$ 29,90;R$ 24,82;https://leitura.com.br/180-graus-L999-9781604859218?page=3&limit=96
180 graus - volume 2;R$ 29,90;R$ 24,82;https://leitura.com.br/180-graus---volume-2-L999-9781680432237?page=3&limit=96
180 histórias da Bíblia;R$ 12,90;R$ 10,00;https://leitura.com.br/180-historias-da-biblia-L999-9786555002119?page=3&limit=96
180 histórias para divertir;R$ 12,90;R$ 10,71;https://leitura.com.br/180-historias-para-divertir-L999-9786555002584?page=3&limit=96
180 histórias para ler e sonhar;R$ 12,90;R$ 10,71;https://leitura.com.br/180-historias-para-ler-e-sonhar-L999-9788538092865?page=3&limit=96
1808;R$ 79,90;R$ 59,93;https://leitura.com.br/1808-L999-9788525057518?page=3&limit=96
1822;R$ 79,90;R$ 59,93;https://leitura.com.br/1822-L999-9788525060648?page=3&limit=96
1822;R$ 88,00;R$ 73,04;https://leitura.com.br/1822-L999-9786586111828?page=3&limit=96
1822 - edição comemorativa;R$ 89,90;R$ 74,62;https://leitura.com.br/1822---edicao-comemorativa-L999-9786559870516?page=3&limit=96
1822: Dimensões;R$ 88,00;R$ 73,04;https://leitura.com.br/1822-dimensoes-L999-9786555051049?page=3&limit=96
1889;R$ 96,00;R$ 62,84;https://leitura.com.br/1889-L999-9788525056351?page=3&limit=96
1889;R$ 79,90;R$ 66,32;https://leitura.com.br/1889-L999-9788525054463?page=3&limit=96
1903: Orwell;R$ 84,90;R$ 51,67;https://leitura.com.br/1903-orwell-L999-9786555981612?page=3&limit=96
1917;R$ 59,00;R$ 48,97;https://leitura.com.br/1917-L999-9788594930644?page=3&limit=96
1922;R$ 59,90;R$ 56,18;https://leitura.com.br/1922-L999-9786555661835?page=3&limit=96
1922 e depois;R$ 27,99;R$ 23,23;https://leitura.com.br/1922-e-depois-L999-9786556403700?page=3&limit=96
1932: São Paulo em chamas;R$ 93,90;R$ 78,25;https://leitura.com.br/1932-sao-paulo-em-chamas-L999-9788542211269?page=3&limit=96
1939: Contagem regressiva para a guerra;R$ 59,90;R$ 49,92;https://leitura.com.br/1939-contagem-regressiva-para-a-guerra-L999-9788501087713?page=3&limit=96
1942 : O Brasil e sua guerra quase desconhecida;R$ 49,90;R$ 41,42;https://leitura.com.br/1942--o-brasil-e-sua-guerra-quase-desconhecida-L999-9788595082915?page=3&limit=96
1945 (Volume Único);R$ 32,90;R$ 23,73;https://leitura.com.br/1945-volume-unico-L999-9788560647002?page=3&limit=96
1964;R$ 61,00;R$ 50,63;https://leitura.com.br/1964-L999-9788526810563?page=3&limit=96
1964;R$ 99,90;R$ 78,99;https://leitura.com.br/1964-L999-9788520012383?page=3&limit=96
1964 - O elo perdido;R$ 114,90;R$ 95,75;https://leitura.com.br/1964---o-elo-perdido-L999-9788595070271?page=3&limit=96
1964 – Os olhos do furacão;R$ 449,90;R$ 404,92;https://leitura.com.br/1964--os-olhos-do-furacao-L999-9786555372779?page=3&limit=96
1964: história do regime militar brasileiro;R$ 79,90;R$ 58,11;https://leitura.com.br/1964-historia-do-regime-militar-brasileiro-L999-9788572448260?page=3&limit=96
1968;R$ 49,00;R$ 40,67;https://leitura.com.br/1968-L999-9788594931399?page=3&limit=96
1968;R$ 61,00;R$ 50,63;https://leitura.com.br/1968-L999-9788526807969?page=3&limit=96
1968 - Ditadura abaixo;R$ 70,00;R$ 63,00;https://leitura.com.br/1968---ditadura-abaixo-L999-9788560499106?page=3&limit=96
1968: eles só queriam mudar o mundo (nova edição);R$ 82,90;R$ 68,81;https://leitura.com.br/1968-eles-so-queriam-mudar-o-mundo-nova-edicao-L999-9788537817421?page=3&limit=96
1968: Quando a Terra tremeu;R$ 74,90;R$ 62,17;https://leitura.com.br/1968-quando-a-terra-tremeu-L999-9788582864371?page=3&limit=96
1974;R$ 74,90;R$ 62,17;https://leitura.com.br/1974-L999-9786555664294?page=3&limit=96
1984;R$ 39,90;R$ 29,92;https://leitura.com.br/1984-L999-9788535914849?page=3&limit=96
1984;R$ 34,90;R$ 28,97;https://leitura.com.br/1984-L999-9788582851197?page=3&limit=96
1984;R$ 34,90;R$ 28,97;https://leitura.com.br/1984-L999-9786555522266?page=3&limit=96
1984;R$ 55,00;R$ 27,50;https://leitura.com.br/1984-L999-9786558700432?page=3&limit=96
1984;R$ 49,90;R$ 41,42;https://leitura.com.br/1984-L999-9786586064377?page=3&limit=96
1984;R$ 59,90;R$ 38,13;https://leitura.com.br/1984-L999-9786586077698?page=3&limit=96
1984;R$ 63,00;R$ 52,29;https://leitura.com.br/1984-L999-9786555680157?page=3&limit=96
1984;R$ 45,00;R$ 28,64;https://leitura.com.br/1984-L999-9786556430300?page=3&limit=96
1984;R$ 19,90;R$ 16,52;https://leitura.com.br/1984-L999-9786589678007?page=3&limit=96
1984;R$ 69,90;R$ 34,95;https://leitura.com.br/1984-L999-9786559570201?page=3&limit=96
1984;R$ 42,90;R$ 35,61;https://leitura.com.br/1984-L999-9786587885735?page=3&limit=96
1984;R$ 47,90;R$ 39,76;https://leitura.com.br/1984-L999-9786556661360?page=3&limit=96
1984;R$ 89,90;R$ 74,62;https://leitura.com.br/1984-L999-9786586563122?page=3&limit=96
1984;R$ 79,90;R$ 66,32;https://leitura.com.br/1984-L999-9786559101139?page=3&limit=96
1984;R$ 49,90;R$ 41,42;https://leitura.com.br/1984-L999-9786555522785?page=3&limit=96
1984;R$ 79,90;R$ 58,95;https://leitura.com.br/1984-L999-9786555981520?page=3&limit=96
1984;R$ 54,90;R$ 45,57;https://leitura.com.br/1984-L999-9786557134122?page=3&limit=96
1984;R$ 39,90;R$ 22,58;https://leitura.com.br/1984-L999-9786584956056?page=3&limit=96
1984;R$ 59,90;R$ 43,56;https://leitura.com.br/1984-L999-9786584956087?page=3&limit=96
1984;R$ 86,90;R$ 72,13;https://leitura.com.br/1984-L999-9788578817008?page=3&limit=96
1984 (Edição em quadrinhos);R$ 94,90;R$ 60,38;https://leitura.com.br/1984-edicao-em-quadrinhos-L999-9788535932522?page=3&limit=96
1984 - edição com brinde (dois pôsteres);R$ 39,90;R$ 29,92;https://leitura.com.br/1984---edicao-com-brinde-dois-posteres-L999-9786558300984?page=3&limit=96
1984 - Edição especial;R$ 134,90;R$ 111,97;https://leitura.com.br/1984---edicao-especial-L999-9788535932966?page=3&limit=96
1984 em quadrinhos;R$ 89,90;R$ 74,62;https://leitura.com.br/1984-em-quadrinhos-L999-9786556401539?page=3&limit=96
1984 Nineteen eighty - four;R$ 79,00;R$ 73,73;https://leitura.com.br/1984-nineteen-eighty---four-L999-9786599454639?page=4&limit=96
1984: Edição com Postais + marcador;R$ 29,90;R$ 24,82;https://leitura.com.br/1984-edicao-com-postais--marcador-L999-9786587034201?page=4&limit=96
1988: Segredos da constituinte;R$ 109,90;R$ 91,22;https://leitura.com.br/1988-segredos-da-constituinte-L999-9788501109118?page=4&limit=96
19º festival internacional de arte contemporânea Sesc_videobrasil;R$ 80,00;R$ 66,40;https://leitura.com.br/19-festival-internacional-de-arte-contemporanea-sescvideobrasil-L999-9788569298533?page=4&limit=96
19º festival internacional de arte contemporânea Sesc_videobrasil;R$ 82,00;R$ 68,06;https://leitura.com.br/19-festival-internacional-de-arte-contemporanea-sescvideobrasil-L999-9788569298281?page=4&limit=96
1q84 - livro 1;R$ 94,90;R$ 78,77;https://leitura.com.br/1q84---livro-1-L999-9788579621802?page=4&limit=96
1q84 - livro 2;R$ 94,90;R$ 78,99;https://leitura.com.br/1q84---livro-2-L999-9788579622052?page=4&limit=96
1q84 - livro 3;R$ 94,90;R$ 78,77;https://leitura.com.br/1q84---livro-3-L999-9788579622649?page=4&limit=96
1º ano;R$ 14,90;R$ 12,37;https://leitura.com.br/1-ano-L999-9788538066552?page=4&limit=96
1º encontro mundial de monstros no porão;R$ 32,90;R$ 27,42;https://leitura.com.br/1-encontro-mundial-de-monstros-no-porao-L999-9786560250451?page=4&limit=96
2;R$ 54,90;R$ 45,57;https://leitura.com.br/2-L999-9788520921081?page=4&limit=96
2 cores;R$ 54,90;R$ 45,57;https://leitura.com.br/2-cores-L999-9788574064758?page=4&limit=96
2 Coríntios - Comentários Expositivos Hagnos;R$ 73,90;R$ 61,34;https://leitura.com.br/2-corintios---comentarios-expositivos-hagnos-L999-9788577420438?page=4&limit=96
2 dedos de poesia;R$ 59,00;R$ 48,97;https://leitura.com.br/2-dedos-de-poesia-L999-9788526014831?page=4&limit=96
2 Patas e 1 Tatu;R$ 59,00;R$ 53,10;https://leitura.com.br/2-patas-e-1-tatu-L999-9788526024564?page=4&limit=96
2 Pedro e Judas - Comentários Expositivos Hagnos;R$ 43,90;R$ 36,44;https://leitura.com.br/2-pedro-e-judas---comentarios-expositivos-hagnos-L999-9788577421176?page=4&limit=96
2 Samuel - Comentários Expositivos Hagnos;R$ 69,90;R$ 58,02;https://leitura.com.br/2-samuel---comentarios-expositivos-hagnos-L999-9788577424764?page=4&limit=96
2 Timóteo - Comentários Expositivos Hagnos;R$ 43,90;R$ 36,44;https://leitura.com.br/2-timoteo---comentarios-expositivos-hagnos-L999-9788577421329?page=4&limit=96
20 anos de corrupção;R$ 79,90;R$ 66,32;https://leitura.com.br/20-anos-de-corrupcao-L999-9786587518572?page=4&limit=96
20 Casos de Regressão;R$ 64,90;R$ 53,87;https://leitura.com.br/20-casos-de-regressao-L999-9786588737538?page=4&limit=96
20 CONTOS E UNS TROCADOS;R$ 64,90;R$ 54,08;https://leitura.com.br/20-contos-e-uns-trocados-L999-9788501074133?page=4&limit=96
20 contos sobre a pandemia de 2020;R$ 59,80;R$ 49,63;https://leitura.com.br/20-contos-sobre-a-pandemia-de-2020-L999-9786588239759?page=4&limit=96
20 mil léguas submarinas: edição comentada e ilustrada;R$ 99,90;R$ 78,99;https://leitura.com.br/20-mil-leguas-submarinas-edicao-comentada-e-ilustrada-L999-9788537807309?page=4&limit=96
20 passos para a paz interior;R$ 29,90;R$ 24,82;https://leitura.com.br/20-passos-para-a-paz-interior-L999-9788582780473?page=4&limit=96
20 Poemas de Vida e um Sino Quebrado;R$ 65,00;R$ 53,95;https://leitura.com.br/20-poemas-de-vida-e-um-sino-quebrado-L999-9786556124254?page=4&limit=96
20 poemas para ler no bonde;R$ 58,00;R$ 48,14;https://leitura.com.br/20-poemas-para-ler-no-bonde-L999-9788573265651?page=4&limit=96
20 regras de ouro para educar filhos e alunos;R$ 54,90;R$ 45,57;https://leitura.com.br/20-regras-de-ouro-para-educar-filhos-e-alunos-L999-9788542209907?page=4&limit=96
20 sonetos;R$ 41,00;R$ 34,03;https://leitura.com.br/20-sonetos-L999-9788526814608?page=4&limit=96
20.000 léguas submarinas em quadrinhos;R$ 54,90;R$ 45,57;https://leitura.com.br/20000-leguas-submarinas-em-quadrinhos-L999-9788564823204?page=4&limit=96
200 Atividades de Dinos;R$ 19,90;R$ 14,47;https://leitura.com.br/200-atividades-de-dinos-L999-9788595031074?page=4&limit=96
200 fábulas de Esopo;R$ 24,90;R$ 20,67;https://leitura.com.br/200-fabulas-de-esopo-L999-9788525436306?page=4&limit=96
200 tiragens auxiliares do Tarô;R$ 69,90;R$ 58,02;https://leitura.com.br/200-tiragens-auxiliares-do-taro-L999-9786587905617?page=4&limit=96
2001: uma odisseia no espaço;R$ 87,90;R$ 73,25;https://leitura.com.br/2001-uma-odisseia-no-espaco-L999-9788593828577?page=4&limit=96
2001: Uma odisséia no espaço;R$ 99,90;R$ 78,99;https://leitura.com.br/2001-uma-odisseia-no-espaco-L999-9788576571551?page=4&limit=96
2012 Ciência ou superstição;R$ 42,90;R$ 35,61;https://leitura.com.br/2012-ciencia-ou-supersticao-L999-9788537006696?page=4&limit=96
2030;R$ 77,00;R$ 63,91;https://leitura.com.br/2030-L999-9786555202106?page=4&limit=96
2041;R$ 69,90;R$ 58,02;https://leitura.com.br/2041-L999-9786559870530?page=4&limit=96
2047;R$ 72,00;R$ 59,76;https://leitura.com.br/2047-L999-9786556470689?page=4&limit=96
2084;R$ 49,90;R$ 41,42;https://leitura.com.br/2084-L999-9786555644289?page=4&limit=96
21 contos e crônicas do romantismo brasileiro escolhidos e apresentados por Ricardo Lísias;R$ 19,80;R$ 16,43;https://leitura.com.br/21-contos-e-cronicas-do-romantismo-brasileiro-escolhidos-e-apresentados-por-ricardo-lisias-L999-9788564406124?page=4&limit=96
21 DIAS PARA UMA VIDA LOW CARB;R$ 64,90;R$ 53,87;https://leitura.com.br/21-dias-para-uma-vida-low-carb-L999-9788545202257?page=4&limit=96
21 hábitos para apimentar o relacionamento;R$ 29,00;R$ 24,07;https://leitura.com.br/21-habitos-para-apimentar-o-relacionamento-L999-9786556164359?page=4&limit=96
21 lições para o século 21;R$ 89,90;R$ 67,43;https://leitura.com.br/21-licoes-para-o-seculo-21-L999-9788535930917?page=4&limit=96
21 qualidades de líderes na Bíblia;R$ 49,90;R$ 41,42;https://leitura.com.br/21-qualidades-de-lideres-na-biblia-L999-9786556891828?page=4&limit=96
22 dias;R$ 79,90;R$ 66,32;https://leitura.com.br/22-dias-L999-9788539005475?page=4&limit=96
222 receitas - anonymus gourmet;R$ 38,90;R$ 32,29;https://leitura.com.br/222-receitas---anonymus-gourmet-L999-9788525438119?page=4&limit=96
23 coisas que não nos contaram sobre o capitalismo;R$ 58,00;R$ 48,14;https://leitura.com.br/23-coisas-que-nao-nos-contaram-sobre-o-capitalismo-L999-9788531612206?page=4&limit=96
23 histórias de um viajante;R$ 79,00;R$ 65,57;https://leitura.com.br/23-historias-de-um-viajante-L999-9788526009882?page=4&limit=96
24 Horas e a Filosofia;R$ 39,90;R$ 33,12;https://leitura.com.br/24-horas-e-a-filosofia-L999-9788537003404?page=4&limit=96
24/7: Capitalismo tardio e os fins do sono;R$ 64,90;R$ 45,88;https://leitura.com.br/247-capitalismo-tardio-e-os-fins-do-sono-L999-9788592886059?page=4&limit=96
24h com Camila Loures;R$ 24,90;R$ 23,23;https://leitura.com.br/24h-com-camila-loures-L999-9788555462542?page=4&limit=96
25 anos de história da gestão das pessoas e negócios nas Melhores Empresas para Trabalhar;R$ 64,90;R$ 58,42;https://leitura.com.br/25-anos-de-historia-da-gestao-das-pessoas-e-negocios-nas-melhores-empresas-para-trabalhar-L999-9788555781100?page=4&limit=96
25 contos de Machado de Assis;R$ 49,80;R$ 41,33;https://leitura.com.br/25-contos-de-machado-de-assis-L999-9788551304594?page=4&limit=96
25 dicas para um casamento mais feliz;R$ 55,90;R$ 40,65;https://leitura.com.br/25-dicas-para-um-casamento-mais-feliz-L999-9788580642407?page=4&limit=96
250 códigos de quebrar a cabeça;R$ 24,90;R$ 20,67;https://leitura.com.br/250-codigos-de-quebrar-a-cabeca-L999-9788537002834?page=4&limit=96
26 poetas hoje;R$ 54,90;R$ 45,57;https://leitura.com.br/26-poetas-hoje-L999-9786559210077?page=4&limit=96
260 Questões na Visão Espiritual;R$ 69,90;R$ 58,02;https://leitura.com.br/260-questoes-na-visao-espiritual-L999-9786588737729?page=4&limit=96
2666;R$ 119,90;R$ 99,52;https://leitura.com.br/2666-L999-9788535916485?page=4&limit=96
27 dias;R$ 69,90;R$ 58,02;https://leitura.com.br/27-dias-L999-9786559570003?page=4&limit=96
274 Atividades para Educar e Divertir;R$ 14,90;R$ 10,00;https://leitura.com.br/274-atividades-para-educar-e-divertir-L999-9786558700029?page=4&limit=96
27a. Bienal de São Paulo;R$ 110,00;R$ 91,30;https://leitura.com.br/27a-bienal-de-sao-paulo-L999-9788560965021?page=4&limit=96
29 minutos para falar bem em público;R$ 49,90;R$ 41,42;https://leitura.com.br/29-minutos-para-falar-bem-em-publico-L999-9788543102962?page=4&limit=96
2x1;R$ 65,00;R$ 53,95;https://leitura.com.br/2x1-L999-9788526016750?page=4&limit=96
2º ano;R$ 14,90;R$ 12,37;https://leitura.com.br/2-ano-L999-9788538066569?page=4&limit=96
3 Meses com São José - em Oração pela Minha Família;R$ 29,90;R$ 27,42;https://leitura.com.br/3-meses-com-sao-jose---em-oracao-pela-minha-familia-L999-9788527615976?page=4&limit=96
3 Palavrinhas - 365 atividades e desenhos para colorir;R$ 19,90;R$ 16,52;https://leitura.com.br/3-palavrinhas---365-atividades-e-desenhos-para-colorir-L999-9786526107614?page=4&limit=96
3 Palavrinhas - A arca de Noé;R$ 19,90;R$ 16,52;https://leitura.com.br/3-palavrinhas---a-arca-de-noe-L999-9786526102152?page=4&limit=96
3 palavrinhas - Amigos do Senhor;R$ 19,90;R$ 16,52;https://leitura.com.br/3-palavrinhas---amigos-do-senhor-L999-9786555008371?page=4&limit=96
3 Palavrinhas - Bíblia para crianças;R$ 19,90;R$ 16,52;https://leitura.com.br/3-palavrinhas---biblia-para-criancas-L999-9786526111482?page=4&limit=96
3 Palavrinhas - Colorindo com amor;R$ 19,90;R$ 14,92;https://leitura.com.br/3-palavrinhas---colorindo-com-amor-L999-9786555008265?page=4&limit=96
3 Palavrinhas - Descobrindo as horas;R$ 19,90;R$ 16,52;https://leitura.com.br/3-palavrinhas---descobrindo-as-horas-L999-9786555009200?page=4&limit=96
3 Palavrinhas - Deus é bom o tempo inteiro;R$ 34,90;R$ 28,97;https://leitura.com.br/3-palavrinhas---deus-e-bom-o-tempo-inteiro-L999-9788538096139?page=4&limit=96
3 Palavrinhas - Deus é nosso amigo;R$ 29,90;R$ 24,82;https://leitura.com.br/3-palavrinhas---deus-e-nosso-amigo-L999-9788538096894?page=4&limit=96
3 Palavrinhas - Deus é tão bom;R$ 19,90;R$ 16,52;https://leitura.com.br/3-palavrinhas---deus-e-tao-bom-L999-9786526100301?page=4&limit=96
3 Palavrinhas - Deus está aqui;R$ 19,90;R$ 16,52;https://leitura.com.br/3-palavrinhas---deus-esta-aqui-L999-9786555009484?page=4&limit=96
3 Palavrinhas - Hora de brincar;R$ 39,90;R$ 33,12;https://leitura.com.br/3-palavrinhas---hora-de-brincar-L999-9788538089599?page=4&limit=96
3 Palavrinhas - Hora de desenhar;R$ 69,90;R$ 58,02;https://leitura.com.br/3-palavrinhas---hora-de-desenhar-L999-9786526104279?page=4&limit=96
3 Palavrinhas - Jonas e o peixe;R$ 19,90;R$ 16,52;https://leitura.com.br/3-palavrinhas---jonas-e-o-peixe-L999-9786526105221?page=4&limit=96
3 Palavrinhas - Ler colorir e brincar;R$ 34,90;R$ 28,97;https://leitura.com.br/3-palavrinhas---ler-colorir-e-brincar-L999-9786526104392?page=4&limit=96
3 Palavrinhas - Números;R$ 16,52;https://leitura.com.br/3-palavrinhas---numeros-L999-9788538087038?page=4&limit=96;
3 Palavrinhas - Onde estão os peixes?;R$ 20,67;https://leitura.com.br/3-palavrinhas---onde-estao-os-peixes-L999-9786526102411?page=4&limit=96;
3 Palavrinhas - Palavras;R$ 16,52;https://leitura.com.br/3-palavrinhas---palavras-L999-9788538087021?page=4&limit=96;
3 Palavrinhas - Vamos orar juntos;R$ 20,67;https://leitura.com.br/3-palavrinhas---vamos-orar-juntos-L999-9786555004281?page=4&limit=96;
3 Palavrinhas - Viver com o Senhor;R$ 29,92;https://leitura.com.br/3-palavrinhas---viver-com-o-senhor-L999-9788538096825?page=4&limit=96;
3.000 dias no bunker;R$ 62,42;https://leitura.com.br/3000-dias-no-bunker-L999-9788501073426?page=4&limit=96;
30 dias de criatividade;R$ 49,72;https://leitura.com.br/30-dias-de-criatividade-L999-9786555645002?page=4&limit=96;
30 Dias de Libertação;R$ 34,86;https://leitura.com.br/30-dias-de-libertacao-L999-9788574594774?page=4&limit=96;
30 dias na terra dos Salmos;R$ 33,12;https://leitura.com.br/30-dias-na-terra-dos-salmos-L999-9781680433531?page=4&limit=96;
30 dias para mudar seus hábitos e sua vida;R$ 41,98;https://leitura.com.br/30-dias-para-mudar-seus-habitos-e-sua-vida-L999-9786581119102?page=4&limit=96;
30 dias para tornar-se uma mulher de oração;R$ 53,87;https://leitura.com.br/30-dias-para-tornar-se-uma-mulher-de-oracao-L999-9788543301112?page=4&limit=96;
30 histórias insólitas que fizeram a medicina;R$ 62,17;https://leitura.com.br/30-historias-insolitas-que-fizeram-a-medicina-L999-9788554126391?page=4&limit=96;
30 poemas de um negro brasileiro;R$ 49,72;https://leitura.com.br/30-poemas-de-um-negro-brasileiro-L999-9786559212064?page=4&limit=96;
30 romances brasileiros;R$ 70,47;https://leitura.com.br/30-romances-brasileiros-L999-9788555270369?page=4&limit=96;
300;R$ 78,99;https://leitura.com.br/300-L999-9786555140699?page=4&limit=96;
300 razões para batizar;R$ 49,63;https://leitura.com.br/300-razoes-para-batizar-L999-9788532640925?page=4&limit=96;
3096 dias;R$ 54,08;https://leitura.com.br/3096-dias-L999-9788576861072?page=4&limit=96;
31 Coisas que toda mulher deve saber;R$ 43,91;https://leitura.com.br/31-coisas-que-toda-mulher-deve-saber-L999-9788524305627?page=5&limit=96;
31 poetas 214 poemas;R$ 50,63;https://leitura.com.br/31-poetas-214-poemas-L999-9788526807693?page=5&limit=96;
33 D. C.;R$ 28,14;https://leitura.com.br/33-d-c-L999-9788537001561?page=5&limit=96;
33 estratégias de guerra;R$ 78,68;https://leitura.com.br/33-estrategias-de-guerra-L999-9786555322057?page=5&limit=96;
33 revoluções e cinco contos;R$ 39,76;https://leitura.com.br/33-revolucoes-e-cinco-contos-L999-9788542208443?page=5&limit=96;
35 noites de paixão: Contos escolhidos (edição de bolso);R$ 33,25;https://leitura.com.br/35-noites-de-paixao-contos-escolhidos-edicao-de-bolso-L999-9788577991617?page=5&limit=96;
3500 palavras em chinês;R$ 38,18;https://leitura.com.br/3500-palavras-em-chines-L999-9788589533959?page=5&limit=96;
3500 palavras em italiano;R$ 38,18;https://leitura.com.br/3500-palavras-em-italiano-L999-9788578440008?page=5&limit=96;
3500 words in portuguese;R$ 38,18;https://leitura.com.br/3500-words-in-portuguese-L999-9788578440374?page=5&limit=96;
36 dias;R$ 31,76;https://leitura.com.br/36-dias-L999-9786589623274?page=5&limit=96;
36 estratagemas – Manual secreto da arte da guerra;R$ 30,63;https://leitura.com.br/36-estratagemas--manual-secreto-da-arte-da-guerra-L999-9788525434609?page=5&limit=96;
360 dias de sucesso;R$ 33,12;https://leitura.com.br/360-dias-de-sucesso-L999-9788579802201?page=5&limit=96;
360 Graus de Influência;R$ 73,87;https://leitura.com.br/360-graus-de-influencia-L999-9788582890691?page=5&limit=96;
365 - Palavras Cruzadas - Com Histórias Bíblicas;R$ 16,52;https://leitura.com.br/365---palavras-cruzadas---com-historias-biblicas-L999-9788538089742?page=5&limit=96;
365 atividades bíblicas;R$ 16,52;https://leitura.com.br/365-atividades-biblicas-L999-9788538091738?page=5&limit=96;
365 atividades com unicórnios;R$ 16,52;https://leitura.com.br/365-atividades-com-unicornios-L999-9788538089797?page=5&limit=96;
365 atividades de dinossauros;R$ 16,52;https://leitura.com.br/365-atividades-de-dinossauros-L999-9788538089773?page=5&limit=96;
365 Atividades de Português;R$ 16,52;https://leitura.com.br/365-atividades-de-portugues-L999-9786555006872?page=5&limit=96;
365 atividades divertidas;R$ 16,52;https://leitura.com.br/365-atividades-divertidas-L999-9788538089780?page=5&limit=96;
365 atividades do Sítio do Picapau Amarelo;R$ 16,52;https://leitura.com.br/365-atividades-do-sitio-do-picapau-amarelo-L999-9786555006070?page=5&limit=96;
365 atividades e desenhos para colorir - Inglês;R$ 16,59;https://leitura.com.br/365-atividades-e-desenhos-para-colorir---ingles-L999-9786555470505?page=5&limit=96;
365 atividades e desenhos para colorir - Meninas;R$ 16,59;https://leitura.com.br/365-atividades-e-desenhos-para-colorir---meninas-L999-9786555470529?page=5&limit=96;
365 atividades e desenhos para colorir - Meninos;R$ 16,59;https://leitura.com.br/365-atividades-e-desenhos-para-colorir---meninos-L999-9786555470475?page=5&limit=96;
365 atividades incríveis;R$ 16,52;https://leitura.com.br/365-atividades-incriveis-L999-9788538089766?page=5&limit=96;
365 atividades infantis sem TV;R$ 33,12;https://leitura.com.br/365-atividades-infantis-sem-tv-L999-9788537005620?page=5&limit=96;
365 atividades para aprender Inglês;R$ 16,52;https://leitura.com.br/365-atividades-para-aprender-ingles-L999-9788538090328?page=5&limit=96;
365 atividades para treinar Matemática;R$ 16,60;https://leitura.com.br/365-atividades-para-treinar-matematica-L999-9788538088318?page=5&limit=96;
365 Barbie - Palavras Cruzadas;R$ 16,52;https://leitura.com.br/365-barbie---palavras-cruzadas-L999-9786526104330?page=5&limit=96;
365 caça-palavras - Alfabetização;R$ 24,82;https://leitura.com.br/365-caca-palavras---alfabetizacao-L999-9786526103852?page=5&limit=96;
365 caça-palavras - Animais;R$ 16,52;https://leitura.com.br/365-caca-palavras---animais-L999-9786555006919?page=5&limit=96;
365 caça-palavras - Cidades do Brasil;R$ 16,52;https://leitura.com.br/365-caca-palavras---cidades-do-brasil-L999-9786555006421?page=5&limit=96;
365 caça-palavras - Ciências;R$ 16,52;https://leitura.com.br/365-caca-palavras---ciencias-L999-9786555001952?page=5&limit=96;
365 caça-palavras - curiosidades de inglês;R$ 16,52;https://leitura.com.br/365-caca-palavras---curiosidades-de-ingles-L999-9786587466224?page=5&limit=96;
365 caça-palavras - curiosidades do Brasil;R$ 16,52;https://leitura.com.br/365-caca-palavras---curiosidades-do-brasil-L999-9786587466231?page=5&limit=96;
365 caça-palavras - Dinossauros;R$ 17,91;https://leitura.com.br/365-caca-palavras---dinossauros-L999-9786587466293?page=5&limit=96;
365 caça-palavras - Geografia;R$ 16,52;https://leitura.com.br/365-caca-palavras---geografia-L999-9786555001891?page=5&limit=96;
365 caça-palavras - História;R$ 16,52;https://leitura.com.br/365-caca-palavras---historia-L999-9786555001938?page=5&limit=96;
365 caça-palavras - Natureza;R$ 16,52;https://leitura.com.br/365-caca-palavras---natureza-L999-9786555007329?page=5&limit=96;
365 Caça-Palavras - Países capitais e cidades;R$ 19,90;R$ 16,52;https://leitura.com.br/365-caca-palavras---paises-capitais-e-cidades-L999-9786555007749?page=5&limit=96
365 caça-palavras bíblico;R$ 16,52;https://leitura.com.br/365-caca-palavras-biblico-L999-9786555000993?page=5&limit=96;
365 caça-palavras com histórias bíblicas;R$ 16,52;https://leitura.com.br/365-caca-palavras-com-historias-biblicas-L999-9788538099796?page=5&limit=96;
365 caça-palavras do Batman;R$ 16,52;https://leitura.com.br/365-caca-palavras-do-batman-L999-9786555007343?page=5&limit=96;
365 caça-palavras I;R$ 20,67;https://leitura.com.br/365-caca-palavras-i-L999-9788538089803?page=5&limit=96;
365 caça-palavras II;R$ 20,67;https://leitura.com.br/365-caca-palavras-ii-L999-9788538089810?page=5&limit=96;
365 caça-palavras para se divertir;R$ 16,52;https://leitura.com.br/365-caca-palavras-para-se-divertir-L999-9788538097686?page=5&limit=96;
365 caça-palavras português-inglês;R$ 14,92;https://leitura.com.br/365-caca-palavras-portugues-ingles-L999-9786555000962?page=5&limit=96;
365 charadas incríveis;R$ 16,52;https://leitura.com.br/365-charadas-incriveis-L999-9786555002263?page=5&limit=96;
365 cruzadas com números;R$ 16,52;https://leitura.com.br/365-cruzadas-com-numeros-L999-9786555006186?page=5&limit=96;
365 cruzadas diretas;R$ 16,60;https://leitura.com.br/365-cruzadas-diretas-L999-9786555000252?page=5&limit=96;
365 cruzadas diretas - fácil médio e difícil I;R$ 19,90;R$ 16,52;https://leitura.com.br/365-cruzadas-diretas---facil-medio-e-dificil-i-L999-9786526107249?page=5&limit=96
365 cruzadas diretas - Geografia;R$ 19,90;R$ 16,52;https://leitura.com.br/365-cruzadas-diretas---geografia-L999-9786526108376?page=5&limit=96
365 cruzadas diretas - Música;R$ 19,90;R$ 16,52;https://leitura.com.br/365-cruzadas-diretas---musica-L999-9786587466279?page=5&limit=96
365 cruzadas diretas - nível difícil I;R$ 19,90;R$ 16,52;https://leitura.com.br/365-cruzadas-diretas---nivel-dificil-i-L999-9786526107287?page=5&limit=96
365 cruzadas diretas - nível fácil I;R$ 19,90;R$ 16,52;https://leitura.com.br/365-cruzadas-diretas---nivel-facil-i-L999-9786526105337?page=5&limit=96
365 cruzadas diretas - nível fácil II;R$ 19,90;R$ 16,52;https://leitura.com.br/365-cruzadas-diretas---nivel-facil-ii-L999-9786526106877?page=5&limit=96
365 cruzadas diretas - nível médio I;R$ 19,90;R$ 16,52;https://leitura.com.br/365-cruzadas-diretas---nivel-medio-i-L999-9786526106969?page=5&limit=96
365 cruzadas diretas - nível médio II;R$ 19,90;R$ 17,91;https://leitura.com.br/365-cruzadas-diretas---nivel-medio-ii-L999-9786587466262?page=5&limit=96
365 cruzadinhas para se divertir;R$ 19,90;R$ 16,52;https://leitura.com.br/365-cruzadinhas-para-se-divertir-L999-9788538096672?page=5&limit=96
365 Desenhos da Bíblia para colorir;R$ 19,90;R$ 14,92;https://leitura.com.br/365-desenhos-da-biblia-para-colorir-L999-9786555001990?page=5&limit=96
365 Desenhos para Colorir;R$ 49,90;R$ 36,29;https://leitura.com.br/365-desenhos-para-colorir-L999-9788595033207?page=5&limit=96
365 Desenhos para Colorir;R$ 49,90;R$ 36,29;https://leitura.com.br/365-desenhos-para-colorir-L999-9786555073218?page=5&limit=96
365 dias;R$ 59,90;R$ 49,92;https://leitura.com.br/365-dias-L999-9786586077650?page=5&limit=96
365 dias com Hermógenes;R$ 59,90;R$ 49,92;https://leitura.com.br/365-dias-com-hermogenes-L999-9788576849537?page=5&limit=96
365 dias com o Coração de Jesus;R$ 17,00;R$ 15,20;https://leitura.com.br/365-dias-com-o-coracao-de-jesus-L999-9788515045358?page=5&limit=96
365 dias de bem-estar;R$ 134,90;R$ 111,97;https://leitura.com.br/365-dias-de-bem-estar-L999-9788584391813?page=5&limit=96
365 Dias de Fé - Boot Diário - Pablo Marçal;R$ 99,90;R$ 78,99;https://leitura.com.br/365-dias-de-fe---boot-diario---pablo-marcal-L999-9786598142117?page=5&limit=96
365 dias de gratidão;R$ 55,90;R$ 46,40;https://leitura.com.br/365-dias-de-gratidao-L999-9786555350272?page=5&limit=96
365 dias para plantar;R$ 59,90;R$ 49,72;https://leitura.com.br/365-dias-para-plantar-L999-9786555320497?page=5&limit=96
365 Dominós de palavras;R$ 19,90;R$ 16,52;https://leitura.com.br/365-dominos-de-palavras-L999-9786555006704?page=5&limit=96
365 Doses Bíblicas Diárias Floral;R$ 89,90;R$ 74,62;https://leitura.com.br/365-doses-biblicas-diarias-floral-L999-7908249103519?page=5&limit=96
365 Doses Bíblicas Diárias Floral Rosé;R$ 89,90;R$ 74,62;https://leitura.com.br/365-doses-biblicas-diarias-floral-rose-L999-7908249104004?page=5&limit=96
365 Doses Bíblicas Diárias Ornamentos;R$ 89,90;R$ 74,62;https://leitura.com.br/365-doses-biblicas-diarias-ornamentos-L999-7908249103502?page=5&limit=96
365 Histórias (Ed.Luxo);R$ 99,00;R$ 74,25;https://leitura.com.br/365-historias-edluxo-L999-9788537623145?page=5&limit=96
365 histórias - Uma história por noite;R$ 59,90;R$ 49,72;https://leitura.com.br/365-historias---uma-historia-por-noite-L999-9788538095545?page=5&limit=96
365 histórias bíblicas;R$ 59,90;R$ 49,72;https://leitura.com.br/365-historias-biblicas-L999-9786555000351?page=5&limit=96
365 Histórias bíblicas - narradas com carinho;R$ 34,90;R$ 28,97;https://leitura.com.br/365-historias-biblicas---narradas-com-carinho-L999-9786555007763?page=5&limit=96
365 Histórias da Bíblia;R$ 29,90;R$ 21,75;https://leitura.com.br/365-historias-da-biblia-L999-9788595031883?page=5&limit=96
365 histórias narradas - uma história por noite;R$ 34,90;R$ 28,97;https://leitura.com.br/365-historias-narradas---uma-historia-por-noite-L999-9788538093954?page=5&limit=96
365 Histórias narradas com carinho;R$ 34,90;R$ 28,97;https://leitura.com.br/365-historias-narradas-com-carinho-L999-9786555009644?page=5&limit=96
365 histórias para ler e sonhar;R$ 59,90;R$ 49,72;https://leitura.com.br/365-historias-para-ler-e-sonhar-L999-9788538090014?page=5&limit=96
365 jogos divertidos;R$ 19,90;R$ 16,52;https://leitura.com.br/365-jogos-divertidos-L999-9786555001853?page=5&limit=96
365 Jogos divertidos - volume II;R$ 19,90;R$ 16,52;https://leitura.com.br/365-jogos-divertidos---volume-ii-L999-9786555006254?page=5&limit=96
365 jogos dos sete erros;R$ 19,90;R$ 16,52;https://leitura.com.br/365-jogos-dos-sete-erros-L999-9786587466132?page=5&limit=96
365 jogos dos sete erros - vol. 2;R$ 19,90;R$ 17,91;https://leitura.com.br/365-jogos-dos-sete-erros---vol-2-L999-9786587466286?page=5&limit=96
365 labirintos;R$ 19,90;R$ 16,52;https://leitura.com.br/365-labirintos-L999-9786555001921?page=5&limit=96
365 MENTIRAS;R$ 38,00;R$ 19,00;https://leitura.com.br/365-mentiras-L999-9788563035455?page=5&limit=96
365 orações;R$ 19,99;R$ 16,59;https://leitura.com.br/365-oracoes-L999-9786555470512?page=5&limit=96
365 orações e reflexões;R$ 39,90;R$ 33,12;https://leitura.com.br/365-oracoes-e-reflexoes-L999-9788534400299?page=5&limit=96
365 palavras cruzadas diretas - Vol. 1;R$ 24,90;R$ 20,67;https://leitura.com.br/365-palavras-cruzadas-diretas---vol-1-L999-9788538069461?page=5&limit=96
365 palavras cruzadas diretas - Vol.2;R$ 24,90;R$ 20,67;https://leitura.com.br/365-palavras-cruzadas-diretas---vol2-L999-9788538069478?page=5&limit=96
365 Palavras cruzadas plus - volume I;R$ 19,90;R$ 16,52;https://leitura.com.br/365-palavras-cruzadas-plus---volume-i-L999-9786555005127?page=5&limit=96
365 Palavras cruzadas plus - volume II;R$ 19,90;R$ 16,52;https://leitura.com.br/365-palavras-cruzadas-plus---volume-ii-L999-9786555005431?page=5&limit=96
365 Palavras cruzadas plus - volume III;R$ 19,90;R$ 16,52;https://leitura.com.br/365-palavras-cruzadas-plus---volume-iii-L999-9786555006902?page=5&limit=96
365 Palavras cruzadas plus - volume IV;R$ 19,90;R$ 16,52;https://leitura.com.br/365-palavras-cruzadas-plus---volume-iv-L999-9786587466095?page=5&limit=96
365 Palavras cruzadas plus - volume V;R$ 19,90;R$ 16,52;https://leitura.com.br/365-palavras-cruzadas-plus---volume-v-L999-9786587466118?page=5&limit=96
365 Palavras cruzadas plus - volume VI;R$ 19,90;R$ 16,52;https://leitura.com.br/365-palavras-cruzadas-plus---volume-vi-L999-9786587466101?page=5&limit=96
